"","n","nmiss","outlier_flag","mean","stdev","min","p1.1%","p5.5%","p10.10%","q1.25%","q2.50%","q3.75%","p90.90%","p95.95%","p99.99%","max","UC","LC"
"Age",183,0,1,32.224043715847,10.6765158245527,25,25,25,26,27,30,33,35,51,84.36,87,64.2535911895051,0.194496242188848
"Sales",183,0,0,504494.382513661,286000.062816953,15520,21848.04,52283.7,137421.2,265578,502490,726498,938364,969976.36,971169.4,971169.4,1362494.57096452,-353505.805937199
